3,q3,q3a0,q3a1
4,q3,q3a0,q3a1
5,q3,q3a0,q3a1
6,simple question,an answer, another answer
7,Some questions?,answer1,answer2,another answer
7,Some questions?,answer1,answer2,another answer
8,Some questions?,answer1,answer2,another answer
7,Some questions?,answer1,answer2,another answer
8,Some questions?,answer1,answer2,another answer
9,Some questions?,answer1,answer2,another answer
7,Some questions?,answer1,answer2,another answer
8,Some questions?,answer1,answer2,another answer
9,Some questions?,answer1,answer2,another answer
10,Some questions?,answer1,answer2,another answer
7,Some questions?,answer1,answer2,another answer
8,Some questions?,answer1,answer2,another answer
9,Some questions?,answer1,answer2,another answer
10,Some questions?,answer1,answer2,another answer
11,Some questions?,answer1,answer2,another answer
